Location,ID,FallDormancy_cm,Year,Cut
WA,10104,5.2,2020,5
WA,10103,7.8,2020,5
WA,10102,3.3,2020,5
WA,10101,4.7,2020,5
WA,10108,2.3,2020,5
WA,10107,6.7,2020,5
WA,10106,6.5,2020,5
WA,10105,4,2020,5
WA,10112,3.3,2020,5
WA,10111,3.9,2020,5
WA,10110,4.9,2020,5
WA,10109,2.4,2020,5
WA,10116,5.4,2020,5
WA,10115,3.3,2020,5
WA,10114,2.5,2020,5
WA,10113,3.4,2020,5
WA,10120,4,2020,5
WA,10119,1.94,2020,5
WA,10118,3.2,2020,5
WA,10117,1.5,2020,5
WA,10204,1.5,2020,5
WA,10203,1.3,2020,5
WA,10202,7.4,2020,5
WA,10201,7,2020,5
WA,10208,7.6,2020,5
WA,10207,5.4,2020,5
WA,10206,6.1,2020,5
WA,10205,3.6,2020,5
WA,10212,4.6,2020,5
WA,10211,4,2020,5
WA,10210,6.8,2020,5
WA,10209,6.5,2020,5
WA,10216,7.2,2020,5
WA,10215,8.9,2020,5
WA,10214,1.8,2020,5
WA,10213,1.3,2020,5
WA,10220,3,2020,5
WA,10219,4.9,2020,5
WA,10218,2.3,2020,5
WA,10217,1.7,2020,5
WA,10304,4.4,2020,5
WA,10303,4,2020,5
WA,10302,4.2,2020,5
WA,10301,7.5,2020,5
WA,10308,6,2020,5
WA,10307,5,2020,5
WA,10306,5.5,2020,5
WA,10305,3.9,2020,5
WA,10312,4.9,2020,5
WA,10311,3.6,2020,5
WA,10310,3.7,2020,5
WA,10309,3.1,2020,5
WA,10316,6.4,2020,5
WA,10315,6.5,2020,5
WA,10314,NA,2020,5
WA,10313,4.7,2020,5
WA,10320,3.4,2020,5
WA,10319,1.5,2020,5
WA,10318,4,2020,5
WA,10317,6.1,2020,5
WA,10404,3.3,2020,5
WA,10403,1.6,2020,5
WA,10402,2.2,2020,5
WA,10401,4,2020,5
WA,10408,NA,2020,5
WA,10407,6.2,2020,5
WA,10406,5.9,2020,5
WA,10405,5,2020,5
WA,10412,5.7,2020,5
WA,10411,3.8,2020,5
WA,10410,3.7,2020,5
WA,10409,3.4,2020,5
WA,10416,6.4,2020,5
WA,10415,4.2,2020,5
WA,10414,4.6,2020,5
WA,10413,2.6,2020,5
WA,10420,5.8,2020,5
WA,10419,7.6,2020,5
WA,10418,1.7,2020,5
WA,10417,NA,2020,5
WA,10504,3.5,2020,5
WA,10503,3.2,2020,5
WA,10502,4.3,2020,5
WA,10501,3.1,2020,5
WA,10508,3.1,2020,5
WA,10507,2.9,2020,5
WA,10506,3.3,2020,5
WA,10505,4.25,2020,5
WA,10512,1.9,2020,5
WA,10511,3.4,2020,5
WA,10510,NA,2020,5
WA,10509,3.1,2020,5
WA,10516,NA,2020,5
WA,10515,2.7,2020,5
WA,10514,4.1,2020,5
WA,10513,3.9,2020,5
WA,10520,4.1,2020,5
WA,10519,4.9,2020,5
WA,10518,3.1,2020,5
WA,10517,NA,2020,5
WA,10604,3.4,2020,5
WA,10603,3.9,2020,5
WA,10602,4.5,2020,5
WA,10601,4.5,2020,5
WA,10608,3.8,2020,5
WA,10607,2.8,2020,5
WA,10606,1.6,2020,5
WA,10605,2.2,2020,5
WA,10612,2.6,2020,5
WA,10611,1.4,2020,5
WA,10610,2.6,2020,5
WA,10609,NA,2020,5
WA,10616,7.5,2020,5
WA,10615,2.5,2020,5
WA,10614,1.2,2020,5
WA,10613,NA,2020,5
WA,10620,3,2020,5
WA,10619,2.8,2020,5
WA,10618,1.4,2020,5
WA,10617,1.2,2020,5
WA,10704,3.4,2020,5
WA,10703,4.4,2020,5
WA,10702,2.8,2020,5
WA,10701,NA,2020,5
WA,10708,3,2020,5
WA,10707,1.2,2020,5
WA,10706,1.3,2020,5
WA,10705,NA,2020,5
WA,10712,5.4,2020,5
WA,10711,2.2,2020,5
WA,10710,NA,2020,5
WA,10709,NA,2020,5
WA,10716,5.6,2020,5
WA,10715,2,2020,5
WA,10714,NA,2020,5
WA,10713,NA,2020,5
WA,10720,2.5,2020,5
WA,10719,3.6,2020,5
WA,10718,NA,2020,5
WA,10717,NA,2020,5
WA,10804,4.3,2020,5
WA,10803,1.2,2020,5
WA,10802,1.6,2020,5
WA,10801,5,2020,5
WA,10808,5.4,2020,5
WA,10807,1.6,2020,5
WA,10806,2.7,2020,5
WA,10805,3.6,2020,5
WA,10812,1.8,2020,5
WA,10811,1.9,2020,5
WA,10810,3.1,2020,5
WA,10809,3.4,2020,5
WA,10816,2,2020,5
WA,10815,1.1,2020,5
WA,10814,NA,2020,5
WA,10813,NA,2020,5
WA,10820,3,2020,5
WA,10819,1.8,2020,5
WA,10818,NA,2020,5
WA,10817,4.4,2020,5
WA,10904,5.6,2020,5
WA,10903,2,2020,5
WA,10902,NA,2020,5
WA,10901,NA,2020,5
WA,10908,1.9,2020,5
WA,10907,1.6,2020,5
WA,10906,NA,2020,5
WA,10905,2.8,2020,5
WA,10912,1.9,2020,5
WA,10911,2.4,2020,5
WA,10910,3.7,2020,5
WA,10909,2,2020,5
WA,10916,3.4,2020,5
WA,10915,2.1,2020,5
WA,10914,1.6,2020,5
WA,10913,1.6,2020,5
WA,10920,4.4,2020,5
WA,10919,2,2020,5
WA,10918,1.5,2020,5
WA,10917,1.5,2020,5
WA,11004,1.9,2020,5
WA,11003,2.9,2020,5
WA,11002,1.7,2020,5
WA,11001,1.5,2020,5
WA,11008,2.6,2020,5
WA,11007,4.3,2020,5
WA,11006,1.9,2020,5
WA,11005,NA,2020,5
WA,11012,NA,2020,5
WA,11011,1.6,2020,5
WA,11010,2,2020,5
WA,11009,3.5,2020,5
WA,11016,2.6,2020,5
WA,11015,2.3,2020,5
WA,11014,1.6,2020,5
WA,11013,1.2,2020,5
WA,11020,2.8,2020,5
WA,11019,1.7,2020,5
WA,11018,2.7,2020,5
WA,11017,2.6,2020,5
WA,11104,1.7,2020,5
WA,11103,2,2020,5
WA,11102,2.8,2020,5
WA,11101,3.2,2020,5
WA,11108,1.1,2020,5
WA,11107,NA,2020,5
WA,11106,1.5,2020,5
WA,11105,1.8,2020,5
WA,11112,4.8,2020,5
WA,11111,4.7,2020,5
WA,11110,2.9,2020,5
WA,11109,1.1,2020,5
WA,11116,NA,2020,5
WA,11115,NA,2020,5
WA,11114,3.6,2020,5
WA,11113,2.3,2020,5
WA,11120,NA,2020,5
WA,11119,NA,2020,5
WA,11118,2.4,2020,5
WA,11117,1.4,2020,5