merged,Location,block,Position,ID,id,row,col,Year,Cut,MSC,DM_Pct,Height_inch,Yield_MgHa,FallDormancy_cm,MSC_201,DM_201,Height_201,Yield_201,FD_201,MSC_202,DM_202,Height_202,Yield_202,FD_202
WA_2020_5,WA,1,1,10101,123,1,4,2020,5,2.5,NA,17.4,2.72,4.7,2.3,NA,17.2,2.51,5.2,2.7,NA,16.7,2.57,3.3
WA_2020_5,WA,1,2,10102,29,1,3,2020,5,0.4,NA,10.3,1.07,3.3,2.3,NA,17.2,2.51,5.2,2.7,NA,16.7,2.57,3.3
WA_2020_5,WA,1,3,10103,162,1,2,2020,5,2.8,NA,19.3,2.59,7.8,2.3,NA,17.2,2.51,5.2,2.7,NA,16.7,2.57,3.3
WA_2020_5,WA,1,4,10104,201,1,1,2020,5,2.3,NA,17.2,2.51,5.2,2.3,NA,17.2,2.51,5.2,2.7,NA,16.7,2.57,3.3
WA_2020_5,WA,1,5,10105,126,2,4,2020,5,2.6,NA,12.6,1.42,4,2.3,NA,17.2,2.51,5.2,2.7,NA,16.7,2.57,3.3
WA_2020_5,WA,1,6,10106,191,2,3,2020,5,2.8,NA,17.8,2.3,6.5,2.3,NA,17.2,2.51,5.2,2.7,NA,16.7,2.57,3.3
WA_2020_5,WA,1,7,10107,159,2,2,2020,5,3.1,NA,19.7,3.52,6.7,2.3,NA,17.2,2.51,5.2,2.7,NA,16.7,2.57,3.3
WA_2020_5,WA,1,8,10108,139,2,1,2020,5,2.2,NA,17.3,2.1,2.3,2.3,NA,17.2,2.51,5.2,2.7,NA,16.7,2.57,3.3
WA_2020_5,WA,1,9,10109,77,3,4,2020,5,2,NA,11.1,1.11,2.4,2.3,NA,17.2,2.51,5.2,2.7,NA,16.7,2.57,3.3
WA_2020_5,WA,1,10,10110,69,3,3,2020,5,2.8,NA,19.5,2.74,4.9,2.3,NA,17.2,2.51,5.2,2.7,NA,16.7,2.57,3.3
WA_2020_5,WA,1,11,10111,121,3,2,2020,5,3,NA,17.1,3.11,3.9,2.3,NA,17.2,2.51,5.2,2.7,NA,16.7,2.57,3.3
WA_2020_5,WA,1,12,10112,84,3,1,2020,5,2.4,NA,17.3,2.08,3.3,2.3,NA,17.2,2.51,5.2,2.7,NA,16.7,2.57,3.3
WA_2020_5,WA,1,13,10113,133,4,4,2020,5,1.5,NA,11.4,1.23,3.4,2.3,NA,17.2,2.51,5.2,2.7,NA,16.7,2.57,3.3
WA_2020_5,WA,1,14,10114,125,4,3,2020,5,1.5,NA,11.3,1.34,2.5,2.3,NA,17.2,2.51,5.2,2.7,NA,16.7,2.57,3.3
WA_2020_5,WA,1,15,10115,202,4,2,2020,5,2.7,NA,16.7,2.57,3.3,2.3,NA,17.2,2.51,5.2,2.7,NA,16.7,2.57,3.3
WA_2020_5,WA,1,16,10116,32,4,1,2020,5,2.8,NA,18.3,2.32,5.4,2.3,NA,17.2,2.51,5.2,2.7,NA,16.7,2.57,3.3
WA_2020_5,WA,1,17,10117,37,5,4,2020,5,1.3,NA,8.8,0.62,1.5,2.3,NA,17.2,2.51,5.2,2.7,NA,16.7,2.57,3.3
WA_2020_5,WA,1,18,10118,13,5,3,2020,5,2.4,NA,14.6,2,3.2,2.3,NA,17.2,2.51,5.2,2.7,NA,16.7,2.57,3.3
WA_2020_5,WA,1,19,10119,116,5,2,2020,5,2.8,NA,17.1,2.47,1.94,2.3,NA,17.2,2.51,5.2,2.7,NA,16.7,2.57,3.3
WA_2020_5,WA,1,20,10120,164,5,1,2020,5,2.8,NA,15.1,2.08,4,2.3,NA,17.2,2.51,5.2,2.7,NA,16.7,2.57,3.3
WA_2020_5,WA,2,1,10201,35,6,4,2020,5,3.3,NA,12.5,1.13,7,NA,NA,18.8,1.88,1.8,2.2,NA,14.9,0.65,3.6
WA_2020_5,WA,2,2,10202,146,6,3,2020,5,3.1,NA,18.8,3.5,7.4,NA,NA,18.8,1.88,1.8,2.2,NA,14.9,0.65,3.6
WA_2020_5,WA,2,3,10203,43,6,2,2020,5,2.4,NA,17.3,1.42,1.3,NA,NA,18.8,1.88,1.8,2.2,NA,14.9,0.65,3.6
WA_2020_5,WA,2,4,10204,24,6,1,2020,5,2.6,NA,12.7,1.44,1.5,NA,NA,18.8,1.88,1.8,2.2,NA,14.9,0.65,3.6
WA_2020_5,WA,2,5,10205,202,7,4,2020,5,2.2,NA,14.9,0.65,3.6,NA,NA,18.8,1.88,1.8,2.2,NA,14.9,0.65,3.6
WA_2020_5,WA,2,6,10206,104,7,3,2020,5,2.4,NA,19.2,3.15,6.1,NA,NA,18.8,1.88,1.8,2.2,NA,14.9,0.65,3.6
WA_2020_5,WA,2,7,10207,76,7,2,2020,5,2.8,NA,14.9,2.59,5.4,NA,NA,18.8,1.88,1.8,2.2,NA,14.9,0.65,3.6
WA_2020_5,WA,2,8,10208,107,7,1,2020,5,2.7,NA,17.6,2.59,7.6,NA,NA,18.8,1.88,1.8,2.2,NA,14.9,0.65,3.6
WA_2020_5,WA,2,9,10209,158,8,4,2020,5,2.1,NA,12.5,1.17,6.5,NA,NA,18.8,1.88,1.8,2.2,NA,14.9,0.65,3.6
WA_2020_5,WA,2,10,10210,195,8,3,2020,5,2.909090909,NA,17.9,2.78,6.8,NA,NA,18.8,1.88,1.8,2.2,NA,14.9,0.65,3.6
WA_2020_5,WA,2,11,10211,78,8,2,2020,5,2.2,NA,12.3,1.77,4,NA,NA,18.8,1.88,1.8,2.2,NA,14.9,0.65,3.6
WA_2020_5,WA,2,12,10212,3,8,1,2020,5,1.9,NA,17.8,1.42,4.6,NA,NA,18.8,1.88,1.8,2.2,NA,14.9,0.65,3.6
WA_2020_5,WA,2,13,10213,82,9,4,2020,5,2.3,NA,13.3,0.49,1.3,NA,NA,18.8,1.88,1.8,2.2,NA,14.9,0.65,3.6
WA_2020_5,WA,2,14,10214,201,9,3,2020,5,NA,NA,18.8,1.88,1.8,NA,NA,18.8,1.88,1.8,2.2,NA,14.9,0.65,3.6
WA_2020_5,WA,2,15,10215,34,9,2,2020,5,2.2,NA,16.5,3.37,8.9,NA,NA,18.8,1.88,1.8,2.2,NA,14.9,0.65,3.6
WA_2020_5,WA,2,16,10216,156,9,1,2020,5,2.1,NA,20,2.59,7.2,NA,NA,18.8,1.88,1.8,2.2,NA,14.9,0.65,3.6
WA_2020_5,WA,2,17,10217,6,10,4,2020,5,2.4,NA,12.1,0.49,1.7,NA,NA,18.8,1.88,1.8,2.2,NA,14.9,0.65,3.6
WA_2020_5,WA,2,18,10218,52,10,3,2020,5,2.2,NA,12.4,0.86,2.3,NA,NA,18.8,1.88,1.8,2.2,NA,14.9,0.65,3.6
WA_2020_5,WA,2,19,10219,90,10,2,2020,5,2.2,NA,11.9,1.98,4.9,NA,NA,18.8,1.88,1.8,2.2,NA,14.9,0.65,3.6
WA_2020_5,WA,2,20,10220,140,10,1,2020,5,2.2,NA,14.5,2.12,3,NA,NA,18.8,1.88,1.8,2.2,NA,14.9,0.65,3.6
WA_2020_5,WA,3,1,10301,91,11,4,2020,5,3.1,NA,15.8,1.34,7.5,2.5,NA,13.1,1.81,4.2,2.5,NA,16.9,2.16,4.9
WA_2020_5,WA,3,2,10302,201,11,3,2020,5,2.5,NA,13.1,1.81,4.2,2.5,NA,13.1,1.81,4.2,2.5,NA,16.9,2.16,4.9
WA_2020_5,WA,3,3,10303,40,11,2,2020,5,2.3,NA,12.3,1.6,4,2.5,NA,13.1,1.81,4.2,2.5,NA,16.9,2.16,4.9
WA_2020_5,WA,3,4,10304,177,11,1,2020,5,2.5,NA,16.4,2.86,4.4,2.5,NA,13.1,1.81,4.2,2.5,NA,16.9,2.16,4.9
WA_2020_5,WA,3,5,10305,119,12,4,2020,5,1.9,NA,13.5,0.58,3.9,2.5,NA,13.1,1.81,4.2,2.5,NA,16.9,2.16,4.9
WA_2020_5,WA,3,6,10306,189,12,3,2020,5,2.6,NA,18.3,2.24,5.5,2.5,NA,13.1,1.81,4.2,2.5,NA,16.9,2.16,4.9
WA_2020_5,WA,3,7,10307,145,12,2,2020,5,2.8,NA,16.5,2.24,5,2.5,NA,13.1,1.81,4.2,2.5,NA,16.9,2.16,4.9
WA_2020_5,WA,3,8,10308,186,12,1,2020,5,2.5,NA,17.7,2.28,6,2.5,NA,13.1,1.81,4.2,2.5,NA,16.9,2.16,4.9
WA_2020_5,WA,3,9,10309,114,13,4,2020,5,2.3,NA,12.7,1.09,3.1,2.5,NA,13.1,1.81,4.2,2.5,NA,16.9,2.16,4.9
WA_2020_5,WA,3,10,10310,50,13,3,2020,5,1.4,NA,9.7,0.76,3.7,2.5,NA,13.1,1.81,4.2,2.5,NA,16.9,2.16,4.9
WA_2020_5,WA,3,11,10311,111,13,2,2020,5,2.5,NA,13,1.3,3.6,2.5,NA,13.1,1.81,4.2,2.5,NA,16.9,2.16,4.9
WA_2020_5,WA,3,12,10312,202,13,1,2020,5,2.5,NA,16.9,2.16,4.9,2.5,NA,13.1,1.81,4.2,2.5,NA,16.9,2.16,4.9
WA_2020_5,WA,3,13,10313,66,14,4,2020,5,2.8,NA,17,0.72,4.7,2.5,NA,13.1,1.81,4.2,2.5,NA,16.9,2.16,4.9
WA_2020_5,WA,3,14,10314,12,14,3,2020,5,NA,NA,NA,0.58,NA,2.5,NA,13.1,1.81,4.2,2.5,NA,16.9,2.16,4.9
WA_2020_5,WA,3,15,10315,197,14,2,2020,5,2.4,NA,18,2.18,6.5,2.5,NA,13.1,1.81,4.2,2.5,NA,16.9,2.16,4.9
WA_2020_5,WA,3,16,10316,185,14,1,2020,5,2.9,NA,22,3.72,6.4,2.5,NA,13.1,1.81,4.2,2.5,NA,16.9,2.16,4.9
WA_2020_5,WA,3,17,10317,26,15,4,2020,5,2,NA,12.8,0.76,6.1,2.5,NA,13.1,1.81,4.2,2.5,NA,16.9,2.16,4.9
WA_2020_5,WA,3,18,10318,182,15,3,2020,5,2.2,NA,13,1.23,4,2.5,NA,13.1,1.81,4.2,2.5,NA,16.9,2.16,4.9
WA_2020_5,WA,3,19,10319,33,15,2,2020,5,NA,NA,NA,0.95,1.5,2.5,NA,13.1,1.81,4.2,2.5,NA,16.9,2.16,4.9
WA_2020_5,WA,3,20,10320,36,15,1,2020,5,2.5,NA,13.5,1.75,3.4,2.5,NA,13.1,1.81,4.2,2.5,NA,16.9,2.16,4.9
WA_2020_5,WA,4,1,10401,149,16,4,2020,5,3.1,NA,14.8,0.93,4,1.9,NA,12,0.48,2.6,2.4,NA,15.8,2.29,6.2
WA_2020_5,WA,4,2,10402,115,16,3,2020,5,2.444444444,NA,13.2,0.62,2.2,1.9,NA,12,0.48,2.6,2.4,NA,15.8,2.29,6.2
WA_2020_5,WA,4,3,10403,136,16,2,2020,5,NA,NA,NA,0.56,1.6,1.9,NA,12,0.48,2.6,2.4,NA,15.8,2.29,6.2
WA_2020_5,WA,4,4,10404,22,16,1,2020,5,2.2,NA,14.3,1.36,3.3,1.9,NA,12,0.48,2.6,2.4,NA,15.8,2.29,6.2
WA_2020_5,WA,4,5,10405,53,17,4,2020,5,1.9,NA,10.8,0.45,5,1.9,NA,12,0.48,2.6,2.4,NA,15.8,2.29,6.2
WA_2020_5,WA,4,6,10406,165,17,3,2020,5,2.3,NA,13.7,1.83,5.9,1.9,NA,12,0.48,2.6,2.4,NA,15.8,2.29,6.2
WA_2020_5,WA,4,7,10407,202,17,2,2020,5,2.4,NA,15.8,2.29,6.2,1.9,NA,12,0.48,2.6,2.4,NA,15.8,2.29,6.2
WA_2020_5,WA,4,8,10408,56,17,1,2020,5,2.4,NA,NA,0.41,NA,1.9,NA,12,0.48,2.6,2.4,NA,15.8,2.29,6.2
WA_2020_5,WA,4,9,10409,73,18,4,2020,5,2,NA,14.6,0.68,3.4,1.9,NA,12,0.48,2.6,2.4,NA,15.8,2.29,6.2
WA_2020_5,WA,4,10,10410,131,18,3,2020,5,2,NA,14,0.47,3.7,1.9,NA,12,0.48,2.6,2.4,NA,15.8,2.29,6.2
WA_2020_5,WA,4,11,10411,89,18,2,2020,5,2.2,NA,13.3,0.82,3.8,1.9,NA,12,0.48,2.6,2.4,NA,15.8,2.29,6.2
WA_2020_5,WA,4,12,10412,94,18,1,2020,5,2.4,NA,16.4,2.53,5.7,1.9,NA,12,0.48,2.6,2.4,NA,15.8,2.29,6.2
WA_2020_5,WA,4,13,10413,201,19,4,2020,5,1.9,NA,12,0.48,2.6,1.9,NA,12,0.48,2.6,2.4,NA,15.8,2.29,6.2
WA_2020_5,WA,4,14,10414,190,19,3,2020,5,2.8,NA,16.1,1.63,4.6,1.9,NA,12,0.48,2.6,2.4,NA,15.8,2.29,6.2
WA_2020_5,WA,4,15,10415,68,19,2,2020,5,2.2,NA,15.8,1.26,4.2,1.9,NA,12,0.48,2.6,2.4,NA,15.8,2.29,6.2
WA_2020_5,WA,4,16,10416,196,19,1,2020,5,2.3,NA,16.1,2.53,6.4,1.9,NA,12,0.48,2.6,2.4,NA,15.8,2.29,6.2
WA_2020_5,WA,4,17,10417,100,20,4,2020,5,NA,NA,NA,0.41,NA,1.9,NA,12,0.48,2.6,2.4,NA,15.8,2.29,6.2
WA_2020_5,WA,4,18,10418,120,20,3,2020,5,NA,NA,NA,0.33,1.7,1.9,NA,12,0.48,2.6,2.4,NA,15.8,2.29,6.2
WA_2020_5,WA,4,19,10419,61,20,2,2020,5,2.9,NA,17.2,1.1,7.6,1.9,NA,12,0.48,2.6,2.4,NA,15.8,2.29,6.2
WA_2020_5,WA,4,20,10420,179,20,1,2020,5,2.3,NA,13.5,2.26,5.8,1.9,NA,12,0.48,2.6,2.4,NA,15.8,2.29,6.2
WA_2020_5,WA,5,1,10501,124,21,4,2020,5,2.2,NA,10.9,0.35,3.1,1.4,NA,12.4,0.45,3.1,2.2,NA,12.9,0.84,4.1
WA_2020_5,WA,5,2,10502,174,21,3,2020,5,1.3,NA,10.4,0.74,4.3,1.4,NA,12.4,0.45,3.1,2.2,NA,12.9,0.84,4.1
WA_2020_5,WA,5,3,10503,128,21,2,2020,5,1.7,NA,11.2,0.95,3.2,1.4,NA,12.4,0.45,3.1,2.2,NA,12.9,0.84,4.1
WA_2020_5,WA,5,4,10504,103,21,1,2020,5,1.7,NA,12.5,0.95,3.5,1.4,NA,12.4,0.45,3.1,2.2,NA,12.9,0.84,4.1
WA_2020_5,WA,5,5,10505,181,22,4,2020,5,2.5,NA,16.6,1.28,4.25,1.4,NA,12.4,0.45,3.1,2.2,NA,12.9,0.84,4.1
WA_2020_5,WA,5,6,10506,108,22,3,2020,5,1.1,NA,10.6,0.25,3.3,1.4,NA,12.4,0.45,3.1,2.2,NA,12.9,0.84,4.1
WA_2020_5,WA,5,7,10507,14,22,2,2020,5,1.1,NA,10.3,0.27,2.9,1.4,NA,12.4,0.45,3.1,2.2,NA,12.9,0.84,4.1
WA_2020_5,WA,5,8,10508,201,22,1,2020,5,1.4,NA,12.4,0.45,3.1,1.4,NA,12.4,0.45,3.1,2.2,NA,12.9,0.84,4.1
WA_2020_5,WA,5,9,10509,127,23,4,2020,5,1.6,NA,10.4,1.13,3.1,1.4,NA,12.4,0.45,3.1,2.2,NA,12.9,0.84,4.1
WA_2020_5,WA,5,10,10510,17,23,3,2020,5,NA,NA,NA,0.16,NA,1.4,NA,12.4,0.45,3.1,2.2,NA,12.9,0.84,4.1
WA_2020_5,WA,5,11,10511,172,23,2,2020,5,2.2,NA,12.3,1.28,3.4,1.4,NA,12.4,0.45,3.1,2.2,NA,12.9,0.84,4.1
WA_2020_5,WA,5,12,10512,23,23,1,2020,5,1.1,NA,11.1,0.62,1.9,1.4,NA,12.4,0.45,3.1,2.2,NA,12.9,0.84,4.1
WA_2020_5,WA,5,13,10513,99,24,4,2020,5,2.7,NA,14.1,1.15,3.9,1.4,NA,12.4,0.45,3.1,2.2,NA,12.9,0.84,4.1
WA_2020_5,WA,5,14,10514,202,24,3,2020,5,2.2,NA,12.9,0.84,4.1,1.4,NA,12.4,0.45,3.1,2.2,NA,12.9,0.84,4.1
WA_2020_5,WA,5,15,10515,67,24,2,2020,5,1,NA,9.1,0.45,2.7,1.4,NA,12.4,0.45,3.1,2.2,NA,12.9,0.84,4.1
WA_2020_5,WA,5,16,10516,138,24,1,2020,5,NA,NA,NA,0.47,NA,1.4,NA,12.4,0.45,3.1,2.2,NA,12.9,0.84,4.1
WA_2020_5,WA,5,17,10517,130,25,4,2020,5,NA,NA,NA,0.53,NA,1.4,NA,12.4,0.45,3.1,2.2,NA,12.9,0.84,4.1
WA_2020_5,WA,5,18,10518,87,25,3,2020,5,1.7,NA,11.7,0.14,3.1,1.4,NA,12.4,0.45,3.1,2.2,NA,12.9,0.84,4.1
WA_2020_5,WA,5,19,10519,161,25,2,2020,5,1.5,NA,12.7,0.68,4.9,1.4,NA,12.4,0.45,3.1,2.2,NA,12.9,0.84,4.1
WA_2020_5,WA,5,20,10520,106,25,1,2020,5,1.1,NA,10,0.93,4.1,1.4,NA,12.4,0.45,3.1,2.2,NA,12.9,0.84,4.1
WA_2020_5,WA,6,1,10601,188,26,4,2020,5,3.1,NA,16.5,1.32,4.5,1,NA,10.3,0.11,NA,1.3,NA,11.1,1.1,3.4
WA_2020_5,WA,6,2,10602,151,26,3,2020,5,1.7,NA,12.9,0.7,4.5,1,NA,10.3,0.11,NA,1.3,NA,11.1,1.1,3.4
WA_2020_5,WA,6,3,10603,19,26,2,2020,5,2,NA,12.5,0.51,3.9,1,NA,10.3,0.11,NA,1.3,NA,11.1,1.1,3.4
WA_2020_5,WA,6,4,10604,202,26,1,2020,5,1.3,NA,11.1,1.1,3.4,1,NA,10.3,0.11,NA,1.3,NA,11.1,1.1,3.4
WA_2020_5,WA,6,5,10605,154,27,4,2020,5,1.4,NA,11.5,0.53,2.2,1,NA,10.3,0.11,NA,1.3,NA,11.1,1.1,3.4
WA_2020_5,WA,6,6,10606,5,27,3,2020,5,1.4,NA,11.1,0.6,1.6,1,NA,10.3,0.11,NA,1.3,NA,11.1,1.1,3.4
WA_2020_5,WA,6,7,10607,80,27,2,2020,5,1.5,NA,13.8,0.51,2.8,1,NA,10.3,0.11,NA,1.3,NA,11.1,1.1,3.4
WA_2020_5,WA,6,8,10608,176,27,1,2020,5,1.7,NA,10.8,1.05,3.8,1,NA,10.3,0.11,NA,1.3,NA,11.1,1.1,3.4
WA_2020_5,WA,6,9,10609,183,28,4,2020,5,1.6,NA,11.3,0.49,NA,1,NA,10.3,0.11,NA,1.3,NA,11.1,1.1,3.4
WA_2020_5,WA,6,10,10610,117,28,3,2020,5,1.2,NA,9.9,0.25,2.6,1,NA,10.3,0.11,NA,1.3,NA,11.1,1.1,3.4
WA_2020_5,WA,6,11,10611,118,28,2,2020,5,1.4,NA,9.6,0.53,1.4,1,NA,10.3,0.11,NA,1.3,NA,11.1,1.1,3.4
WA_2020_5,WA,6,12,10612,79,28,1,2020,5,NA,NA,NA,0.39,2.6,1,NA,10.3,0.11,NA,1.3,NA,11.1,1.1,3.4
WA_2020_5,WA,6,13,10613,201,29,4,2020,5,1,NA,10.3,0.11,NA,1,NA,10.3,0.11,NA,1.3,NA,11.1,1.1,3.4
WA_2020_5,WA,6,14,10614,46,29,3,2020,5,NA,NA,NA,0.16,1.2,1,NA,10.3,0.11,NA,1.3,NA,11.1,1.1,3.4
WA_2020_5,WA,6,15,10615,113,29,2,2020,5,1.9,NA,12.3,0.78,2.5,1,NA,10.3,0.11,NA,1.3,NA,11.1,1.1,3.4
WA_2020_5,WA,6,16,10616,25,29,1,2020,5,2.2,NA,14.6,1.13,7.5,1,NA,10.3,0.11,NA,1.3,NA,11.1,1.1,3.4
WA_2020_5,WA,6,17,10617,71,30,4,2020,5,NA,NA,NA,0.29,1.2,1,NA,10.3,0.11,NA,1.3,NA,11.1,1.1,3.4
WA_2020_5,WA,6,18,10618,41,30,3,2020,5,NA,NA,NA,0.16,1.4,1,NA,10.3,0.11,NA,1.3,NA,11.1,1.1,3.4
WA_2020_5,WA,6,19,10619,95,30,2,2020,5,1.4,NA,10.6,0.47,2.8,1,NA,10.3,0.11,NA,1.3,NA,11.1,1.1,3.4
WA_2020_5,WA,6,20,10620,171,30,1,2020,5,1.8,NA,12.4,1.36,3,1,NA,10.3,0.11,NA,1.3,NA,11.1,1.1,3.4
WA_2020_5,WA,7,1,10701,38,31,4,2020,5,NA,NA,NA,0.33,NA,1.4,NA,12.2,0.37,2,2.3,NA,14.2,0.58,2.8
WA_2020_5,WA,7,2,10702,202,31,3,2020,5,2.3,NA,14.2,0.58,2.8,1.4,NA,12.2,0.37,2,2.3,NA,14.2,0.58,2.8
WA_2020_5,WA,7,3,10703,150,31,2,2020,5,1.7,NA,10.6,0.97,4.4,1.4,NA,12.2,0.37,2,2.3,NA,14.2,0.58,2.8
WA_2020_5,WA,7,4,10704,143,31,1,2020,5,1,NA,10.8,1.03,3.4,1.4,NA,12.2,0.37,2,2.3,NA,14.2,0.58,2.8
WA_2020_5,WA,7,5,10705,72,32,4,2020,5,NA,NA,NA,0.21,NA,1.4,NA,12.2,0.37,2,2.3,NA,14.2,0.58,2.8
WA_2020_5,WA,7,6,10706,11,32,3,2020,5,NA,NA,NA,0.1,1.3,1.4,NA,12.2,0.37,2,2.3,NA,14.2,0.58,2.8
WA_2020_5,WA,7,7,10707,135,32,2,2020,5,1,NA,8.1,0.25,1.2,1.4,NA,12.2,0.37,2,2.3,NA,14.2,0.58,2.8
WA_2020_5,WA,7,8,10708,54,32,1,2020,5,1.4,NA,12.2,1.01,3,1.4,NA,12.2,0.37,2,2.3,NA,14.2,0.58,2.8
WA_2020_5,WA,7,9,10709,27,33,4,2020,5,NA,NA,NA,0.35,NA,1.4,NA,12.2,0.37,2,2.3,NA,14.2,0.58,2.8
WA_2020_5,WA,7,10,10710,45,33,3,2020,5,NA,NA,NA,0.08,NA,1.4,NA,12.2,0.37,2,2.3,NA,14.2,0.58,2.8
WA_2020_5,WA,7,11,10711,64,33,2,2020,5,1.7,NA,9.5,0.23,2.2,1.4,NA,12.2,0.37,2,2.3,NA,14.2,0.58,2.8
WA_2020_5,WA,7,12,10712,163,33,1,2020,5,2,NA,12.6,1.05,5.4,1.4,NA,12.2,0.37,2,2.3,NA,14.2,0.58,2.8
WA_2020_5,WA,7,13,10713,8,34,4,2020,5,NA,NA,NA,0.02,NA,1.4,NA,12.2,0.37,2,2.3,NA,14.2,0.58,2.8
WA_2020_5,WA,7,14,10714,51,34,3,2020,5,NA,NA,NA,0.37,NA,1.4,NA,12.2,0.37,2,2.3,NA,14.2,0.58,2.8
WA_2020_5,WA,7,15,10715,201,34,2,2020,5,1.4,NA,12.2,0.37,2,1.4,NA,12.2,0.37,2,2.3,NA,14.2,0.58,2.8
WA_2020_5,WA,7,16,10716,192,34,1,2020,5,1.2,NA,13.4,1.32,5.6,1.4,NA,12.2,0.37,2,2.3,NA,14.2,0.58,2.8
WA_2020_5,WA,7,17,10717,18,35,4,2020,5,NA,NA,NA,0.31,NA,1.4,NA,12.2,0.37,2,2.3,NA,14.2,0.58,2.8
WA_2020_5,WA,7,18,10718,129,35,3,2020,5,NA,NA,NA,0.08,NA,1.4,NA,12.2,0.37,2,2.3,NA,14.2,0.58,2.8
WA_2020_5,WA,7,19,10719,74,35,2,2020,5,NA,NA,NA,0.04,3.6,1.4,NA,12.2,0.37,2,2.3,NA,14.2,0.58,2.8
WA_2020_5,WA,7,20,10720,70,35,1,2020,5,1.6,NA,13.3,1.03,2.5,1.4,NA,12.2,0.37,2,2.3,NA,14.2,0.58,2.8
WA_2020_5,WA,8,1,10801,170,36,4,2020,5,2.6,NA,14.4,1.54,5,1.1,NA,9.6,0.32,2,1.7,NA,13.3,1.45,4.4
WA_2020_5,WA,8,2,10802,112,36,3,2020,5,1,NA,9.4,0.22,1.6,1.1,NA,9.6,0.32,2,1.7,NA,13.3,1.45,4.4
WA_2020_5,WA,8,3,10803,93,36,2,2020,5,1.3,NA,10.2,0.25,1.2,1.1,NA,9.6,0.32,2,1.7,NA,13.3,1.45,4.4
WA_2020_5,WA,8,4,10804,98,36,1,2020,5,1.6,NA,12.4,0.74,4.3,1.1,NA,9.6,0.32,2,1.7,NA,13.3,1.45,4.4
WA_2020_5,WA,8,5,10805,44,37,4,2020,5,1.2,NA,11.2,0.35,3.6,1.1,NA,9.6,0.32,2,1.7,NA,13.3,1.45,4.4
WA_2020_5,WA,8,6,10806,180,37,3,2020,5,1.1,NA,8.9,0.25,2.7,1.1,NA,9.6,0.32,2,1.7,NA,13.3,1.45,4.4
WA_2020_5,WA,8,7,10807,137,37,2,2020,5,NA,NA,NA,0.14,1.6,1.1,NA,9.6,0.32,2,1.7,NA,13.3,1.45,4.4
WA_2020_5,WA,8,8,10808,193,37,1,2020,5,1.7,NA,13.4,1.5,5.4,1.1,NA,9.6,0.32,2,1.7,NA,13.3,1.45,4.4
WA_2020_5,WA,8,9,10809,10,38,4,2020,5,1.1,NA,10.2,0.6,3.4,1.1,NA,9.6,0.32,2,1.7,NA,13.3,1.45,4.4
WA_2020_5,WA,8,10,10810,169,38,3,2020,5,1.3,NA,9.4,0.64,3.1,1.1,NA,9.6,0.32,2,1.7,NA,13.3,1.45,4.4
WA_2020_5,WA,8,11,10811,141,38,2,2020,5,1.4,NA,12.4,0.62,1.9,1.1,NA,9.6,0.32,2,1.7,NA,13.3,1.45,4.4
WA_2020_5,WA,8,12,10812,58,38,1,2020,5,NA,NA,NA,0.31,1.8,1.1,NA,9.6,0.32,2,1.7,NA,13.3,1.45,4.4
WA_2020_5,WA,8,13,10813,75,39,4,2020,5,NA,NA,NA,0.23,NA,1.1,NA,9.6,0.32,2,1.7,NA,13.3,1.45,4.4
WA_2020_5,WA,8,14,10814,28,39,3,2020,5,NA,NA,NA,0.12,NA,1.1,NA,9.6,0.32,2,1.7,NA,13.3,1.45,4.4
WA_2020_5,WA,8,15,10815,47,39,2,2020,5,1,NA,9,0.35,1.1,1.1,NA,9.6,0.32,2,1.7,NA,13.3,1.45,4.4
WA_2020_5,WA,8,16,10816,201,39,1,2020,5,1.1,NA,9.6,0.32,2,1.1,NA,9.6,0.32,2,1.7,NA,13.3,1.45,4.4
WA_2020_5,WA,8,17,10817,202,40,4,2020,5,1.7,NA,13.3,1.45,4.4,1.1,NA,9.6,0.32,2,1.7,NA,13.3,1.45,4.4
WA_2020_5,WA,8,18,10818,48,40,3,2020,5,NA,NA,NA,0.02,NA,1.1,NA,9.6,0.32,2,1.7,NA,13.3,1.45,4.4
WA_2020_5,WA,8,19,10819,42,40,2,2020,5,NA,NA,NA,0.23,1.8,1.1,NA,9.6,0.32,2,1.7,NA,13.3,1.45,4.4
WA_2020_5,WA,8,20,10820,194,40,1,2020,5,1.2,NA,11.4,0.74,3,1.1,NA,9.6,0.32,2,1.7,NA,13.3,1.45,4.4
WA_2020_5,WA,9,1,10901,97,41,4,2020,5,1.5,NA,10.4,0.43,NA,1.3,NA,10.1,0.28,1.6,1.6,NA,13.7,0.71,3.7
WA_2020_5,WA,9,2,10902,31,41,3,2020,5,1.2,NA,8.6,0.21,NA,1.3,NA,10.1,0.28,1.6,1.6,NA,13.7,0.71,3.7
WA_2020_5,WA,9,3,10903,63,41,2,2020,5,1,NA,8.1,0.31,2,1.3,NA,10.1,0.28,1.6,1.6,NA,13.7,0.71,3.7
WA_2020_5,WA,9,4,10904,110,41,1,2020,5,1.4,NA,14.3,1.01,5.6,1.3,NA,10.1,0.28,1.6,1.6,NA,13.7,0.71,3.7
WA_2020_5,WA,9,5,10905,184,42,4,2020,5,2.1,NA,14.5,1.36,2.8,1.3,NA,10.1,0.28,1.6,1.6,NA,13.7,0.71,3.7
WA_2020_5,WA,9,6,10906,16,42,3,2020,5,1.1,NA,6.2,0.19,NA,1.3,NA,10.1,0.28,1.6,1.6,NA,13.7,0.71,3.7
WA_2020_5,WA,9,7,10907,201,42,2,2020,5,1.3,NA,10.1,0.28,1.6,1.3,NA,10.1,0.28,1.6,1.6,NA,13.7,0.71,3.7
WA_2020_5,WA,9,8,10908,55,42,1,2020,5,1.8,NA,14,0.43,1.9,1.3,NA,10.1,0.28,1.6,1.6,NA,13.7,0.71,3.7
WA_2020_5,WA,9,9,10909,4,43,4,2020,5,1.6,NA,6.2,0.37,2,1.3,NA,10.1,0.28,1.6,1.6,NA,13.7,0.71,3.7
WA_2020_5,WA,9,10,10910,202,43,3,2020,5,1.6,NA,13.7,0.71,3.7,1.3,NA,10.1,0.28,1.6,1.6,NA,13.7,0.71,3.7
WA_2020_5,WA,9,11,10911,102,43,2,2020,5,1.7,NA,11.8,0.64,2.4,1.3,NA,10.1,0.28,1.6,1.6,NA,13.7,0.71,3.7
WA_2020_5,WA,9,12,10912,7,43,1,2020,5,1.5,NA,9.7,0.02,1.9,1.3,NA,10.1,0.28,1.6,1.6,NA,13.7,0.71,3.7
WA_2020_5,WA,9,13,10913,132,44,4,2020,5,1.3,NA,10.2,0.6,1.6,1.3,NA,10.1,0.28,1.6,1.6,NA,13.7,0.71,3.7
WA_2020_5,WA,9,14,10914,122,44,3,2020,5,1.4,NA,10.3,0.08,1.6,1.3,NA,10.1,0.28,1.6,1.6,NA,13.7,0.71,3.7
WA_2020_5,WA,9,15,10915,173,44,2,2020,5,2,NA,11.2,0.93,2.1,1.3,NA,10.1,0.28,1.6,1.6,NA,13.7,0.71,3.7
WA_2020_5,WA,9,16,10916,155,44,1,2020,5,2.1,NA,13.2,0.93,3.4,1.3,NA,10.1,0.28,1.6,1.6,NA,13.7,0.71,3.7
WA_2020_5,WA,9,17,10917,86,45,4,2020,5,1.2,NA,10,0.8,1.5,1.3,NA,10.1,0.28,1.6,1.6,NA,13.7,0.71,3.7
WA_2020_5,WA,9,18,10918,20,45,3,2020,5,1.7,NA,9.8,0.25,1.5,1.3,NA,10.1,0.28,1.6,1.6,NA,13.7,0.71,3.7
WA_2020_5,WA,9,19,10919,175,45,2,2020,5,1.8,NA,10.6,0.97,2,1.3,NA,10.1,0.28,1.6,1.6,NA,13.7,0.71,3.7
WA_2020_5,WA,9,20,10920,187,45,1,2020,5,2.3,NA,15.3,1.58,4.4,1.3,NA,10.1,0.28,1.6,1.6,NA,13.7,0.71,3.7
WA_2020_5,WA,10,1,11001,49,46,4,2020,5,1,NA,9.6,0.58,1.5,1.4,NA,10.9,0.65,1.7,1.9,NA,12,0.84,2.6
WA_2020_5,WA,10,2,11002,92,46,3,2020,5,1.7,NA,12.8,0.58,1.7,1.4,NA,10.9,0.65,1.7,1.9,NA,12,0.84,2.6
WA_2020_5,WA,10,3,11003,198,46,2,2020,5,2.1,NA,12.2,1.23,2.9,1.4,NA,10.9,0.65,1.7,1.9,NA,12,0.84,2.6
WA_2020_5,WA,10,4,11004,96,46,1,2020,5,1.5,NA,8,0.68,1.9,1.4,NA,10.9,0.65,1.7,1.9,NA,12,0.84,2.6
WA_2020_5,WA,10,5,11005,57,47,4,2020,5,1.2,NA,8.4,0.6,NA,1.4,NA,10.9,0.65,1.7,1.9,NA,12,0.84,2.6
WA_2020_5,WA,10,6,11006,1,47,3,2020,5,1.8,NA,14,0.56,1.9,1.4,NA,10.9,0.65,1.7,1.9,NA,12,0.84,2.6
WA_2020_5,WA,10,7,11007,166,47,2,2020,5,1.8,NA,14.2,0.97,4.3,1.4,NA,10.9,0.65,1.7,1.9,NA,12,0.84,2.6
WA_2020_5,WA,10,8,11008,101,47,1,2020,5,1.7,NA,9.9,1.09,2.6,1.4,NA,10.9,0.65,1.7,1.9,NA,12,0.84,2.6
WA_2020_5,WA,10,9,11009,178,48,4,2020,5,2.4,NA,15.3,2.14,3.5,1.4,NA,10.9,0.65,1.7,1.9,NA,12,0.84,2.6
WA_2020_5,WA,10,10,11010,21,48,3,2020,5,1.3,NA,11.9,0.25,2,1.4,NA,10.9,0.65,1.7,1.9,NA,12,0.84,2.6
WA_2020_5,WA,10,11,11011,88,48,2,2020,5,1.1,NA,7.1,0.49,1.6,1.4,NA,10.9,0.65,1.7,1.9,NA,12,0.84,2.6
WA_2020_5,WA,10,12,11012,142,48,1,2020,5,NA,NA,NA,0.49,NA,1.4,NA,10.9,0.65,1.7,1.9,NA,12,0.84,2.6
WA_2020_5,WA,10,13,11013,85,49,4,2020,5,1.5,NA,7.7,0.78,1.2,1.4,NA,10.9,0.65,1.7,1.9,NA,12,0.84,2.6
WA_2020_5,WA,10,14,11014,15,49,3,2020,5,1.8,NA,9.3,0.41,1.6,1.4,NA,10.9,0.65,1.7,1.9,NA,12,0.84,2.6
WA_2020_5,WA,10,15,11015,148,49,2,2020,5,1.8,NA,14.4,1.58,2.3,1.4,NA,10.9,0.65,1.7,1.9,NA,12,0.84,2.6
WA_2020_5,WA,10,16,11016,202,49,1,2020,5,1.9,NA,12,0.84,2.6,1.4,NA,10.9,0.65,1.7,1.9,NA,12,0.84,2.6
WA_2020_5,WA,10,17,11017,59,50,4,2020,5,1.5,NA,12.7,1.03,2.6,1.4,NA,10.9,0.65,1.7,1.9,NA,12,0.84,2.6
WA_2020_5,WA,10,18,11018,105,50,3,2020,5,2.1,NA,12.3,0.8,2.7,1.4,NA,10.9,0.65,1.7,1.9,NA,12,0.84,2.6
WA_2020_5,WA,10,19,11019,201,50,2,2020,5,1.4,NA,10.9,0.65,1.7,1.4,NA,10.9,0.65,1.7,1.9,NA,12,0.84,2.6
WA_2020_5,WA,10,20,11020,153,50,1,2020,5,2,NA,11.7,0.76,2.8,1.4,NA,10.9,0.65,1.7,1.9,NA,12,0.84,2.6
WA_2020_5,WA,11,1,11101,167,51,4,2020,5,2.6,NA,14.8,2.26,3.2,2,NA,11.3,1.02,1.4,2.7,NA,12.6,1.12,2.8
WA_2020_5,WA,11,2,11102,202,51,3,2020,5,2.7,NA,12.6,1.12,2.8,2,NA,11.3,1.02,1.4,2.7,NA,12.6,1.12,2.8
WA_2020_5,WA,11,3,11103,134,51,2,2020,5,2,NA,14.1,1.17,2,2,NA,11.3,1.02,1.4,2.7,NA,12.6,1.12,2.8
WA_2020_5,WA,11,4,11104,152,51,1,2020,5,1.5,NA,6.6,0.14,1.7,2,NA,11.3,1.02,1.4,2.7,NA,12.6,1.12,2.8
WA_2020_5,WA,11,5,11105,2,52,4,2020,5,2.1,NA,16.9,1.83,1.8,2,NA,11.3,1.02,1.4,2.7,NA,12.6,1.12,2.8
WA_2020_5,WA,11,6,11106,109,52,3,2020,5,1.6,NA,9.9,0.49,1.5,2,NA,11.3,1.02,1.4,2.7,NA,12.6,1.12,2.8
WA_2020_5,WA,11,7,11107,83,52,2,2020,5,1.1,NA,6.5,0.31,NA,2,NA,11.3,1.02,1.4,2.7,NA,12.6,1.12,2.8
WA_2020_5,WA,11,8,11108,39,52,1,2020,5,NA,NA,NA,0.04,1.1,2,NA,11.3,1.02,1.4,2.7,NA,12.6,1.12,2.8
WA_2020_5,WA,11,9,11109,9,53,4,2020,5,1,NA,7.6,0.51,1.1,2,NA,11.3,1.02,1.4,2.7,NA,12.6,1.12,2.8
WA_2020_5,WA,11,10,11110,147,53,3,2020,5,2.1,NA,13.3,0.91,2.9,2,NA,11.3,1.02,1.4,2.7,NA,12.6,1.12,2.8
WA_2020_5,WA,11,11,11111,168,53,2,2020,5,1.9,NA,13.2,0.91,4.7,2,NA,11.3,1.02,1.4,2.7,NA,12.6,1.12,2.8
WA_2020_5,WA,11,12,11112,160,53,1,2020,5,2.4,NA,15.4,2.2,4.8,2,NA,11.3,1.02,1.4,2.7,NA,12.6,1.12,2.8
WA_2020_5,WA,11,13,11113,60,54,4,2020,5,2.222222222,NA,16.1,1.79,2.3,2,NA,11.3,1.02,1.4,2.7,NA,12.6,1.12,2.8
WA_2020_5,WA,11,14,11114,157,54,3,2020,5,2.3,NA,14.2,1.19,3.6,2,NA,11.3,1.02,1.4,2.7,NA,12.6,1.12,2.8
WA_2020_5,WA,11,15,11115,62,54,2,2020,5,1.8,NA,11.8,0.68,NA,2,NA,11.3,1.02,1.4,2.7,NA,12.6,1.12,2.8
WA_2020_5,WA,11,16,11116,81,54,1,2020,5,NA,NA,NA,1.83,NA,2,NA,11.3,1.02,1.4,2.7,NA,12.6,1.12,2.8
WA_2020_5,WA,11,17,11117,201,55,4,2020,5,2,NA,11.3,1.02,1.4,2,NA,11.3,1.02,1.4,2.7,NA,12.6,1.12,2.8
WA_2020_5,WA,11,18,11118,65,55,3,2020,5,1.8,NA,12.4,0.8,2.4,2,NA,11.3,1.02,1.4,2.7,NA,12.6,1.12,2.8
WA_2020_5,WA,11,19,11119,30,55,2,2020,5,1.4,NA,8.5,0.27,NA,2,NA,11.3,1.02,1.4,2.7,NA,12.6,1.12,2.8
WA_2020_5,WA,11,20,11120,144,55,1,2020,5,2.2,NA,12.8,1.81,NA,2,NA,11.3,1.02,1.4,2.7,NA,12.6,1.12,2.8
